height_m,stroke_m,valid,invalid_reasons,contact_regime,contact_peak_n,contact_impulse_ns,peak_nominal_error_mm,paired_offset_mm,rmse_mm,rejoin_latency_s,peak_torque_nm,jerk_peak_mps3,secondary_contact_count,lift,hold
0.53,0.14,False,"['missing_rod_hand_contact', 'ineffective_contact_force', 'no_stable_rejoin']",no_contact,0.0,0.0,6.251055521124492,7.447602459741819e-13,2.9942209285713073,,30.06497812564591,205.94599068820943,0,True,True
0.53,0.16,True,[],nominal_contact,25.446143606533457,1.4372528633999648,10.500446820138505,7.06719254955705,3.4657299855541805,0.4119999999999999,30.122250046740096,1231.8038900959384,2,True,True
0.53,0.18,True,[],high_impact,77.98642178676194,5.273169024599749,35.14205545540593,34.25097538690077,6.639956643407752,0.504,30.398462833177472,1514.5895176972335,1,True,True
0.54,0.14,False,"['missing_rod_hand_contact', 'ineffective_contact_force', 'no_stable_rejoin']",no_contact,0.0,0.0,6.251055521124492,7.447602459741819e-13,2.9942209285713073,,30.06497812564591,205.94599068820943,0,True,True
0.54,0.16,True,[],nominal_contact,18.5098518819993,0.723234802595166,7.712765159766861,4.289548786563916,3.131573697761522,0.3719999999999999,30.07743583969575,938.6019457202535,0,True,True
0.54,0.18,True,[],high_impact,76.7149258459802,3.98246697964985,33.516195912088946,33.0033093932435,5.964618748713548,0.3839999999999999,30.338114146859713,1429.5815558125528,1,True,True
0.55,0.14,False,"['missing_rod_hand_contact', 'ineffective_contact_force', 'no_stable_rejoin']",no_contact,0.0,0.0,6.251055521124492,7.447602459741819e-13,2.9942209285713073,,30.06497812564591,205.94599068820943,0,True,True
0.55,0.16,False,['ineffective_contact_force'],no_contact,0.4336714367601095,0.001734685747040438,6.251851219776999,0.010067069855536348,2.99431783982374,0.41999999999999993,30.06497812564591,205.94599068820943,0,True,True
0.55,0.18,True,[],high_impact,57.36095576823459,2.820857967549253,22.294824188872074,21.899264998192915,4.477588379654159,0.3679999999999999,30.187762778065853,1329.714836503006,0,True,True
